"Time","Time_Zone","UUID","Referrer","Location","countWithMissings(Location)","Location_ID"
"2016-10-21 19:45:18","Asia/Seoul ","017ed5d8-3fcc-49e3-adf3-c27897427b08","https://app.asana.com/0/199835162310921/199835162310975","https://s3-ap-northeast-1.amazonaws.com/test-ok-sky/embedded_web/index.html",184.0,8.0
"2016-10-21 20:37:05","Asia/Seoul ","017ed5d8-3fcc-49e3-adf3-c27897427b08","https://app.asana.com/0/199835162310921/199835162310975","https://s3-ap-northeast-1.amazonaws.com/test-ok-sky/embedded_web/index.html",184.0,8.0
"2016-10-21 20:37:26","Asia/Seoul ","017ed5d8-3fcc-49e3-adf3-c27897427b08","https://app.asana.com/0/199835162310921/199835162310975","https://s3-ap-northeast-1.amazonaws.com/test-ok-sky/embedded_web/index.html",184.0,8.0
"2016-10-21 20:40:00","Asia/Seoul ","017ed5d8-3fcc-49e3-adf3-c27897427b08","https://app.asana.com/0/199835162310921/199835162310975","https://s3-ap-northeast-1.amazonaws.com/test-ok-sky/embedded_web/index.html",184.0,8.0
"2016-10-25 11:21:34","Asia/Seoul ","017ed5d8-3fcc-49e3-adf3-c27897427b08",,"https://s3-ap-northeast-1.amazonaws.com/test-ok-sky/embedded_web/nu-chat/neos_test.html",131.0,9.0
"2016-10-13 14:33:10","Asia/Tokyo ","01f0d6a4-ce19-4fa6-a46b-250bfddf553a",,"https://s3-ap-northeast-1.amazonaws.com/test-ok-sky/embedded_web/index.html",184.0,8.0
"2016-10-13 14:33:39","Asia/Tokyo ","01f0d6a4-ce19-4fa6-a46b-250bfddf553a",,"https://s3-ap-northeast-1.amazonaws.com/test-ok-sky/embedded_web/index.html",184.0,8.0
"2016-09-26 15:24:26","Asia/Tokyo ","020e7551-0422-4027-a186-764f5ad01581",,"https://s3-ap-northeast-1.amazonaws.com/test-ok-sky/embedded_web/index.html",184.0,8.0
"2016-09-29 19:56:56","Asia/Tokyo ","04cf1b65-e095-4083-8644-f593fb3dffe0",,"https://s3-ap-northeast-1.amazonaws.com/test-ok-sky/embedded_web/index.html",184.0,8.0
"2016-08-31 13:40:36","Asia/Tokyo ","07fcd144-c249-4675-a76d-49f08a90c2ca",,"https://s3-ap-northeast-1.amazonaws.com/test-ok-sky/embedded_web/index.html",184.0,8.0
"2016-10-30 15:47:54","Asia/Tokyo ","08d6b127-6026-4e77-85db-f59883167f9e",,"http://zozo.jp/",14.0,7.0
"2016-10-04 11:48:25","Asia/Tokyo ","091361a7-ddce-44fe-a94f-3c63b435cc01",,"http://shop.haunt-tokyo.com/shopping.php?id=Contents_150403_shirt",18.0,4.0
"2016-11-02 17:08:24","Asia/Tokyo ","0b4d7f30-3be0-4c7d-bc2d-178a46d9e9fd","https://www.google.co.jp/","http://www.nttdata.com/jp/ja/index.html",2.0,6.0
"2016-09-30 12:33:15","Asia/Tokyo ","0baf25ae-9fb2-40c8-be06-748eedbb0199",,"https://s3-ap-northeast-1.amazonaws.com/test-ok-sky/embedded_web/index.html",184.0,8.0
"2016-09-20 16:29:56","Asia/Tokyo ","0d4c36d2-9766-44bd-b488-ea53172ecbee",,"https://s3-ap-northeast-1.amazonaws.com/test-ok-sky/embedded_web/index.html",184.0,8.0
"2016-10-03 15:08:55","Asia/Tokyo ","0d70c703-440e-4844-800e-87cd3baa18fb",,"https://s3-ap-northeast-1.amazonaws.com/test-ok-sky/embedded_web/index.html",184.0,8.0
"2016-10-04 11:28:10","Asia/Seoul ","0dfd1fc8-2cbd-4a9b-b042-72bf2b8d8589",,"http://shop.haunt-tokyo.com/shopping.php?id=Contents_150403_shirt",18.0,4.0
"2016-10-11 11:24:27","Asia/Tokyo ","0ed197d8-4f84-4cad-85f7-a3682c5ccce8",,"https://s3-ap-northeast-1.amazonaws.com/test-ok-sky/embedded_web/index.html",184.0,8.0
"2016-10-12 06:08:47","Asia/Tokyo ","0ed197d8-4f84-4cad-85f7-a3682c5ccce8",,"https://s3-ap-northeast-1.amazonaws.com/test-ok-sky/embedded_web/index.html",184.0,8.0
"2016-10-12 16:23:32","Asia/Tokyo ","0ed197d8-4f84-4cad-85f7-a3682c5ccce8",,"https://s3-ap-northeast-1.amazonaws.com/test-ok-sky/embedded_web/index.html",184.0,8.0
"2016-10-12 23:09:58","Asia/Tokyo ","0ed197d8-4f84-4cad-85f7-a3682c5ccce8",,"https://s3-ap-northeast-1.amazonaws.com/test-ok-sky/embedded_web/index.html",184.0,8.0
"2016-10-13 04:25:28","Asia/Tokyo ","0ed197d8-4f84-4cad-85f7-a3682c5ccce8",,"https://s3-ap-northeast-1.amazonaws.com/test-ok-sky/embedded_web/index.html",184.0,8.0
"2016-10-04 11:41:30","Asia/Tokyo ","0f403239-a888-4cc7-93fe-3b7adc3c49f1","http://shop.haunt-tokyo.com/shopping.php","https://secure.smartshopping.jp/haunt/index.php?id=NewMemberu0026SSID=bQU8H573mngqyZdq5yGEsuVbFXj-_LRT-v7_jNhct1Nwc-5gRIv5RC0GSknd-m7z",1.0,18.0
"2016-10-04 11:37:48","Asia/Tokyo ","1050ef7c-bad7-44c4-a1ed-a3ca826eb4a9",,"http://shop.haunt-tokyo.com/shopping.php?id=Contents_150403_shirt",18.0,4.0
"2016-10-04 11:41:21","Asia/Seoul ","13b4f82c-fd71-454a-94f4-ea7422f45189","https://secure.smartshopping.jp/haunt/?id=Guest","https://secure.smartshopping.jp/haunt/?id=Guest",1.0,11.0
"2016-10-04 11:41:24","Asia/Seoul ","13b4f82c-fd71-454a-94f4-ea7422f45189","https://secure.smartshopping.jp/haunt/?id=Guest","https://secure.smartshopping.jp/haunt/?id=Thanksu0026SSID=cq1EJWDUFIvUIKFDT3CamyidQDOgpewEIHnggOywB4SzNmoOptnoyJTAuWvtLi8ju0026order_id=19859",1.0,15.0
"2016-09-06 02:18:32","Asia/Tokyo ","193760bd-9aed-4928-bbb3-2dc36ab3f567",,"https://s3-ap-northeast-1.amazonaws.com/test-ok-sky/embedded_web/index.html",184.0,8.0
"2016-11-01 19:38:50","Asia/Tokyo ","1960e311-8486-4901-8f40-5addabed0752","https://www.mizuhobank.co.jp/index.html","https://www.mizuhobank.co.jp/top.html?rt_refhost=www.google.co.jpu0026rt_refpath=%2Fu0026redirect=on",1.0,19.0
"2016-09-23 18:11:25","Asia/Tokyo ","1e77b65d-0b00-47a1-a45b-e6bc367ea769",,"https://s3-ap-northeast-1.amazonaws.com/test-ok-sky/embedded_web/index.html",184.0,8.0
"2016-11-01 18:27:45","Asia/Tokyo ","1eb9c6ff-35b8-4e46-a429-db1deefacb00",,"http://zozo.jp/",14.0,7.0
"2016-10-11 10:56:08","Asia/Tokyo ","1ec3052c-b8c2-4723-9e4a-a2261192dc85",,"https://s3-ap-northeast-1.amazonaws.com/test-ok-sky/embedded_web/index.html",184.0,8.0
"2016-10-04 11:37:20","Asia/Seoul ","1fa8ab02-3338-4f7e-8542-10dc8ff41981",,"http://shop.haunt-tokyo.com/shopping.php?id=Contents_150403_shirt",18.0,4.0
"2016-09-27 16:07:56","Asia/Tokyo ","221b36ab-7f60-4b3f-b9d0-6dcd3b395cda",,"https://s3-ap-northeast-1.amazonaws.com/test-ok-sky/embedded_web/index.html",184.0,8.0
"2016-11-08 21:48:23","Asia/Seoul ","22c7bda9-dd40-44b8-bf2b-ee75794f6f50","https://solairo-co.ok-sky.com/customers/383","https://s3-ap-northeast-1.amazonaws.com/test-ok-sky/embedded_web/index.html",184.0,8.0
"2016-11-08 21:48:28","Asia/Seoul ","22c7bda9-dd40-44b8-bf2b-ee75794f6f50","https://solairo-co.ok-sky.com/customers/383","https://s3-ap-northeast-1.amazonaws.com/test-ok-sky/embedded_web/index.html",184.0,8.0
"2016-11-08 21:26:11","Asia/Seoul ","22c7bda9-dd40-44b8-bf2b-ee75794f6f50","https://solairo-co.ok-sky.com/customers/383","https://s3-ap-northeast-1.amazonaws.com/test-ok-sky/embedded_web/index.html",184.0,8.0
"2016-11-08 21:55:31","Asia/Seoul ","22c7bda9-dd40-44b8-bf2b-ee75794f6f50",,"https://s3-ap-northeast-1.amazonaws.com/test-ok-sky/embedded_web/nu-chat/neos_test.html",131.0,9.0
"2016-09-05 11:44:28","Asia/Tokyo ","2365b490-26fa-4ec8-be62-f59f330196a0",,"https://s3-ap-northeast-1.amazonaws.com/test-ok-sky/embedded_web/index.html",184.0,8.0
"2016-09-05 11:50:05","Asia/Tokyo ","2365b490-26fa-4ec8-be62-f59f330196a0",,"https://s3-ap-northeast-1.amazonaws.com/test-ok-sky/embedded_web/index.html",184.0,8.0
"2016-10-18 11:33:16","Asia/Tokyo ","2389e6aa-0d9b-4ffe-a535-d5d1db1bfac3",,"https://s3-ap-northeast-1.amazonaws.com/test-ok-sky/embedded_web/s3-test_index.html",7.0,10.0
"2016-10-18 11:35:13","Asia/Tokyo ","2389e6aa-0d9b-4ffe-a535-d5d1db1bfac3",,"https://s3-ap-northeast-1.amazonaws.com/test-ok-sky/embedded_web/s3-test_index.html",7.0,10.0
"2016-10-18 11:35:39","Asia/Tokyo ","2389e6aa-0d9b-4ffe-a535-d5d1db1bfac3",,"https://s3-ap-northeast-1.amazonaws.com/test-ok-sky/embedded_web/s3-test_index.html",7.0,10.0
"2016-10-25 00:40:36","Asia/Tokyo ","24d2372f-2bbf-4057-9cdb-92642eb81619","https://s3-console-us-standard.console.aws.amazon.com/GetResource/Console.html?region=ap-northeast-1u0026pageLoadStartTime=1477323616523","https://s3-ap-northeast-1.amazonaws.com/test-ok-sky/embedded_web/index.html",184.0,8.0
"2016-10-25 00:40:52","Asia/Tokyo ","24d2372f-2bbf-4057-9cdb-92642eb81619","https://s3-console-us-standard.console.aws.amazon.com/GetResource/Console.html?region=ap-northeast-1u0026pageLoadStartTime=1477323616523","https://s3-ap-northeast-1.amazonaws.com/test-ok-sky/embedded_web/index.html",184.0,8.0
"2016-10-25 12:14:53","Asia/Tokyo ","24d2372f-2bbf-4057-9cdb-92642eb81619",,"https://s3-ap-northeast-1.amazonaws.com/test-ok-sky/embedded_web/nu-chat/neos_test.html",131.0,9.0
"2016-09-29 19:55:48","Asia/Tokyo ","25c759f8-8ef8-4166-b1b2-f93af28037a8",,"https://s3-ap-northeast-1.amazonaws.com/test-ok-sky/embedded_web/index.html",184.0,8.0
"2016-10-27 21:06:09","Asia/Tokyo ","26e123d3-0982-43ab-b819-82e5af09fe54",,"https://s3-ap-northeast-1.amazonaws.com/test-ok-sky/embedded_web/index.html",184.0,8.0
"2016-11-04 13:51:32","Asia/Tokyo ","274bd8e9-1135-434c-a0a6-982986bc2af1",,"https://s3-ap-northeast-1.amazonaws.com/test-ok-sky/embedded_web/s3-test_index.html",7.0,10.0
"2016-10-03 14:59:23","Asia/Tokyo ","2d7a5090-d6f0-4205-80d1-f1ef9f42db2a",,"https://s3-ap-northeast-1.amazonaws.com/test-ok-sky/embedded_web/index.html",184.0,8.0
"2016-08-31 18:13:47","Asia/Tokyo ","2dbe9572-e026-4823-87e5-ebd8d71832bd",,"https://s3-ap-northeast-1.amazonaws.com/test-ok-sky/embedded_web/index.html",184.0,8.0
"2016-10-04 11:59:49","Asia/Tokyo ","31499fb6-fa94-4fb8-9ae1-884cb47ae1b1","https://secure.smartshopping.jp/haunt/?id=Member_change","https://secure.smartshopping.jp/haunt/?id=Member_change",2.0,12.0
"2016-10-04 11:59:42","Asia/Tokyo ","31499fb6-fa94-4fb8-9ae1-884cb47ae1b1","http://shop.haunt-tokyo.com/ShoppingCart/?","https://secure.smartshopping.jp/haunt/?id=Memberu0026SSID=i6ehzotpah6FOCCaOgWxI2FN4JTRpT2co-O0xDAVxZYBzCGoiQTRz1iwUje95eSpu0026_ga=1.41780386.1426711177.1423632994",1.0,13.0
"2016-10-04 11:59:45","Asia/Tokyo ","31499fb6-fa94-4fb8-9ae1-884cb47ae1b1","https://secure.smartshopping.jp/haunt/?id=Memberu0026SSID=i6ehzotpah6FOCCaOgWxI2FN4JTRpT2co-O0xDAVxZYBzCGoiQTRz1iwUje95eSpu0026_ga=1.41780386.1426711177.1423632994","https://secure.smartshopping.jp/haunt/?id=Member_change",2.0,12.0
"2016-11-02 20:11:00","Asia/Tokyo ","32a674f2-a184-4d47-a449-61ed129ba6e7",,"https://s3-ap-northeast-1.amazonaws.com/test-ok-sky/embedded_web/s3-test_index.html",7.0,10.0
"2016-10-04 11:57:04","Asia/Tokyo ","33a92924-0bb4-42af-9ae5-9b8361715896",,"http://shop.haunt-tokyo.com/shopping.php?id=Contents_150403_shirt",18.0,4.0
"2016-10-04 12:04:41","Asia/Tokyo ","33d41079-5a8e-4b67-be6f-d63b9cc718f1",,"http://shop.haunt-tokyo.com/shopping.php?id=Contents_150403_shirt",18.0,4.0
"2016-10-31 16:09:12","Asia/Tokyo ","34c5b8d2-c5e1-4880-ac7f-61a72e3490d6",,"http://zozo.jp/",14.0,7.0
"2016-10-31 16:15:19","Asia/Tokyo ","34c5b8d2-c5e1-4880-ac7f-61a72e3490d6",,"http://zozo.jp/",14.0,7.0
"2016-10-04 11:34:17","Asia/Seoul ","34fd5969-c242-4cfb-81da-8decde8446ca",,"http://shop.haunt-tokyo.com/shopping.php?id=Contents_150403_shirt",18.0,4.0
"2016-08-31 12:38:08","Asia/Tokyo ","361a298d-3640-41de-b77e-7d6dc571e9ed",,"https://s3-ap-northeast-1.amazonaws.com/test-ok-sky/embedded_web/index.html",184.0,8.0
"2016-08-31 13:37:58","Asia/Tokyo ","361a298d-3640-41de-b77e-7d6dc571e9ed",,"https://s3-ap-northeast-1.amazonaws.com/test-ok-sky/embedded_web/index.html",184.0,8.0
"2016-08-31 13:38:50","Asia/Tokyo ","361a298d-3640-41de-b77e-7d6dc571e9ed",,"https://s3-ap-northeast-1.amazonaws.com/test-ok-sky/embedded_web/index.html",184.0,8.0
"2016-08-24 17:52:06","Asia/Tokyo ","3c2e1b8a-1b78-49a5-84c6-b90dc24da106",,"http://solairo.co.jp/",3.0,5.0
"2016-08-31 19:17:15","Asia/Seoul ","3cc3742b-c1bf-4683-8a7a-8d9b334afdae",,"https://s3-ap-northeast-1.amazonaws.com/test-ok-sky/embedded_web/index.html",184.0,8.0
"2016-10-04 11:59:49","Asia/Tokyo ","3ccabc9b-bf1e-4993-bf26-7f90508a9e76","http://shop.haunt-tokyo.com/ShoppingCart/","https://secure.smartshopping.jp/haunt/index.php?id=NewMemberu0026SSID=12IijG_X_JXTgZuMMb40mXIZZzH8R4TBfVoKKomJAXeoHOAHVZ8uC7iL0KEPNE_b",1.0,17.0
"2016-09-28 13:40:11","Asia/Tokyo ","3e61fdd9-022a-451a-bc6e-f380fbd2ea5e",,"https://s3-ap-northeast-1.amazonaws.com/test-ok-sky/embedded_web/index.html",184.0,8.0
"2016-10-06 18:48:55","Asia/Seoul ","4207db52-11af-498d-9c35-277fa2bff23d",,"https://s3-ap-northeast-1.amazonaws.com/test-ok-sky/embedded_web/index.html",184.0,8.0
"2016-08-24 17:52:39","Asia/Tokyo ","42e88a9d-bb32-417a-b8a5-5c68b0261046",,"http://solairo.co.jp/",3.0,5.0
"2016-10-13 00:29:29","Asia/Tokyo ","43c15858-f14d-4ded-a691-263ae7ce57fa",,"https://s3-ap-northeast-1.amazonaws.com/test-ok-sky/embedded_web/index.html",184.0,8.0
"2016-10-13 10:34:36","Asia/Tokyo ","44167799-1a8e-4b0d-ab9b-a2a4a5c46283",,"https://s3-ap-northeast-1.amazonaws.com/test-ok-sky/embedded_web/index.html",184.0,8.0
"2016-09-26 12:47:41","Asia/Tokyo ","45d5c241-b719-490c-9c04-655b929091ca",,"https://s3-ap-northeast-1.amazonaws.com/test-ok-sky/embedded_web/index.html",184.0,8.0
"2016-09-05 12:55:19","Asia/Tokyo ","475dd830-ed5b-44cb-9a1c-b8bb451d20d1",,"http://isetan.mistore.jp/onlinestore/women/list?categoryId=01_010500u0026rid=cd04b9c17a2b440d9803a169b1dda097",6.0,2.0
"2016-09-05 12:48:47","Asia/Tokyo ","47e0f2b8-d37d-4593-960f-2aa9772b4431",,"http://isetan.mistore.jp/onlinestore/women/list?categoryId=01_010500u0026rid=cd04b9c17a2b440d9803a169b1dda097",6.0,2.0
"2016-09-05 12:46:16","Asia/Tokyo ","4ad8ee75-7994-4252-953c-de74ec974f6a","http://isetan.mistore.jp/onlinestore/index.html?rid=48995a6e4220439a8eb74eabd6528ca9u0026_ga=1.242935234.1729099964.1471332720","http://isetan.mistore.jp/onlinestore/women/list?categoryId=01_010500u0026rid=cd04b9c17a2b440d9803a169b1dda097",6.0,2.0
"2016-09-30 12:23:52","Asia/Tokyo ","4bff1893-91de-4d89-afa3-84ee445593d2",,"https://s3-ap-northeast-1.amazonaws.com/test-ok-sky/embedded_web/index.html",184.0,8.0
"2016-08-30 21:40:32","Asia/Tokyo ","4da14ff4-d578-47de-997f-eab2701fbfed","https://www.chatwork.com/","https://s3-ap-northeast-1.amazonaws.com/test-ok-sky/embedded_web/index.html",184.0,8.0
"2016-08-30 21:51:31","Asia/Tokyo ","4da14ff4-d578-47de-997f-eab2701fbfed","https://www.chatwork.com/","https://s3-ap-northeast-1.amazonaws.com/test-ok-sky/embedded_web/index.html",184.0,8.0
"2016-08-30 23:28:30","Asia/Tokyo ","4da14ff4-d578-47de-997f-eab2701fbfed","https://www.chatwork.com/","https://s3-ap-northeast-1.amazonaws.com/test-ok-sky/embedded_web/index.html",184.0,8.0
"2016-10-11 11:24:38","Asia/Tokyo ","5071d4c9-8784-425b-aecf-6dfac555baea",,"https://s3-ap-northeast-1.amazonaws.com/test-ok-sky/embedded_web/index.html",184.0,8.0
"2016-08-31 11:06:44","Asia/Tokyo ","50828a3d-3773-4696-85d3-6d174b8dace5",,"https://s3-ap-northeast-1.amazonaws.com/test-ok-sky/embedded_web/index.html",184.0,8.0
"2016-09-23 13:51:15","Asia/Tokyo ","51415c64-65bb-4b82-9e80-34ffa8572e7c",,"https://s3-ap-northeast-1.amazonaws.com/test-ok-sky/embedded_web/index.html",184.0,8.0
"2016-09-23 14:23:38","Asia/Tokyo ","51415c64-65bb-4b82-9e80-34ffa8572e7c","https://neos.smartmessage.jp/","https://s3-ap-northeast-1.amazonaws.com/test-ok-sky/embedded_web/index.html",184.0,8.0
"2016-10-21 16:02:26","Asia/Tokyo ","51415c64-65bb-4b82-9e80-34ffa8572e7c","https://app.asana.com/0/199835162310921/199835162310924","https://s3-ap-northeast-1.amazonaws.com/test-ok-sky/embedded_web/nu-chat/neos_test.html",131.0,9.0
"2016-11-01 17:53:24","Asia/Tokyo ","5230b3c0-bac9-489c-b7e9-b3e7d682c606",,"http://zozo.jp/",14.0,7.0
"2016-08-31 18:19:33","Asia/Tokyo ","5717633e-ebcc-41bd-9e9c-7876e4291f0f",,"https://s3-ap-northeast-1.amazonaws.com/test-ok-sky/embedded_web/index.html",184.0,8.0
"2016-08-31 19:55:22","Asia/Tokyo ","5717633e-ebcc-41bd-9e9c-7876e4291f0f",,"https://s3-ap-northeast-1.amazonaws.com/test-ok-sky/embedded_web/index.html",184.0,8.0
"2016-09-24 09:29:19","Asia/Tokyo ","5722ef83-c2b3-40f7-8a17-0742f9fe7122",,"https://s3-ap-northeast-1.amazonaws.com/test-ok-sky/embedded_web/index.html",184.0,8.0
"2016-09-25 03:01:20","Asia/Tokyo ","5722ef83-c2b3-40f7-8a17-0742f9fe7122",,"https://s3-ap-northeast-1.amazonaws.com/test-ok-sky/embedded_web/index.html",184.0,8.0
"2016-10-13 22:11:03","Asia/Tokyo ","583d1266-6c1b-4fc3-a280-4e39461211a3",,"https://s3-ap-northeast-1.amazonaws.com/test-ok-sky/embedded_web/index.html",184.0,8.0
"2016-11-07 15:07:17","Asia/Tokyo ","583d7c8f-a1da-48ff-bdef-9f884fb73399",,"https://s3-ap-northeast-1.amazonaws.com/test-ok-sky/embedded_web/index.html",184.0,8.0
"2016-11-07 15:09:37","Asia/Tokyo ","583d7c8f-a1da-48ff-bdef-9f884fb73399",,"https://s3-ap-northeast-1.amazonaws.com/test-ok-sky/embedded_web/nu-chat/neos_test.html",131.0,9.0
"2016-10-04 11:59:27","Asia/Tokyo ","58705723-71b8-48f7-8cd9-e4fd25c0ccb7",,"http://shop.haunt-tokyo.com/shopping.php?id=Contents_150403_shirt",18.0,4.0
"2016-11-02 17:16:31","Asia/Tokyo ","59f412a3-92bf-44e9-9ed1-8725a3943534",,"http://www.nttdata.com/jp/ja/index.html",2.0,6.0
"2016-10-07 23:17:15","Asia/Seoul ","5b315a4b-89a0-4c48-b6df-062a1fb340af",,"https://s3-ap-northeast-1.amazonaws.com/test-ok-sky/embedded_web/index.html",184.0,8.0
"2016-09-30 01:50:26","Asia/Seoul ","5b933643-668f-4596-8744-dbf3b8767517",,"https://s3-ap-northeast-1.amazonaws.com/test-ok-sky/embedded_web/index.html",184.0,8.0
"2016-10-14 19:13:42","Asia/Tokyo ","5dee83c5-f886-46f0-8927-816a599e2506",,"https://s3-ap-northeast-1.amazonaws.com/test-ok-sky/embedded_web/index.html",184.0,8.0
"2016-09-23 10:18:47","Asia/Tokyo ","5e84f1eb-235f-496c-a521-b7a45a160252",,"https://s3-ap-northeast-1.amazonaws.com/test-ok-sky/embedded_web/index.html",184.0,8.0
"2016-09-26 15:19:10","Asia/Tokyo ","6109fa3b-6261-4e6a-a6ea-4a17db74f390",,"https://s3-ap-northeast-1.amazonaws.com/test-ok-sky/embedded_web/index.html",184.0,8.0
"2016-10-31 16:15:51","Asia/Tokyo ","6269e538-4c49-4fc7-9be9-3839bb94d17c",,"http://zozo.jp/",14.0,7.0
"2016-09-30 01:49:22","Asia/Tokyo ","63c2b642-8265-4821-a3a6-1428a83862b9",,"https://s3-ap-northeast-1.amazonaws.com/test-ok-sky/embedded_web/index.html",184.0,8.0
"2016-10-30 15:49:26","Asia/Tokyo ","6423aba2-d597-4756-bb5b-2afd06d320ae",,"http://zozo.jp/",14.0,7.0
"2016-10-30 15:49:53","Asia/Tokyo ","6423aba2-d597-4756-bb5b-2afd06d320ae",,"http://zozo.jp/",14.0,7.0
"2016-10-30 15:50:09","Asia/Tokyo ","6423aba2-d597-4756-bb5b-2afd06d320ae",,"http://zozo.jp/",14.0,7.0
"2016-10-30 15:50:54","Asia/Tokyo ","6423aba2-d597-4756-bb5b-2afd06d320ae",,"http://zozo.jp/",14.0,7.0
"2016-10-05 19:05:12","Asia/Seoul ","64ee1b2e-4607-4990-9c3c-c3336f6458bc",,"https://s3-ap-northeast-1.amazonaws.com/test-ok-sky/embedded_web/index.html",184.0,8.0
"2016-10-24 12:32:59","Asia/Tokyo ","67d96319-328d-4030-87ec-44671241038c",,"https://s3-ap-northeast-1.amazonaws.com/test-ok-sky/embedded_web/index.html",184.0,8.0
"2016-10-14 09:24:41","Asia/Tokyo ","6a3432b4-4c78-486f-aa6f-53a93c45058f",,"https://s3-ap-northeast-1.amazonaws.com/test-ok-sky/embedded_web/index.html",184.0,8.0
"2016-08-30 20:00:15","Asia/Tokyo ","6abf155e-776b-4a72-8903-c9463fc6f16e",,"https://s3-ap-northeast-1.amazonaws.com/test-ok-sky/embedded_web/index.html",184.0,8.0
"2016-10-04 11:41:18","Asia/Seoul ","6e2f6c70-7486-4cf7-bdac-46d3d77aa9f8","https://secure.smartshopping.jp/haunt/?id=MypageLoginu0026SSID=7RVliV7hTXtjmyt2gLpG6LDRe_tbbTLjOKbhengmB5u5-3cKE7msK485qhC8XWrO","https://secure.smartshopping.jp/haunt/?id=Mypageu0026SSID=3FzgMkugU2lqvcWFS-55bc1ARvyrvGDBjhvbJLy0tH1Oi12WsuiJug_dND8RfUHH",1.0,14.0
"2016-11-08 13:32:19","Asia/Tokyo ","6eb771b2-faa0-4e0d-bd2f-d37a5cf06920",,"https://s3-ap-northeast-1.amazonaws.com/test-ok-sky/embedded_web/index.html",184.0,8.0
"2016-09-28 11:18:25","Asia/Tokyo ","6f0ce3dc-9a1d-42af-b7fd-110085cbe0d2",,"https://s3-ap-northeast-1.amazonaws.com/test-ok-sky/embedded_web/index.html",184.0,8.0
"2016-09-01 15:53:51","Asia/Tokyo ","6f27de0a-bf94-4d6c-a7bd-6f34f8a1535b",,"https://s3-ap-northeast-1.amazonaws.com/test-ok-sky/embedded_web/index.html",184.0,8.0
"2016-09-27 13:42:50","Asia/Tokyo ","739e6ca9-2d96-4363-b02f-3ace41f07138",,"https://s3-ap-northeast-1.amazonaws.com/test-ok-sky/embedded_web/index.html",184.0,8.0
"2016-10-04 11:31:12","Asia/Seoul ","75274dfc-0099-42d6-8a74-b6105ff36535",,"http://shop.haunt-tokyo.com/shopping.php?id=Contents_150403_shirt",18.0,4.0
"2016-09-26 12:28:45","Asia/Tokyo ","787a02b1-d733-46da-b179-c5ba216279e2",,"https://s3-ap-northeast-1.amazonaws.com/test-ok-sky/embedded_web/index.html",184.0,8.0
"2016-09-26 13:14:16","Asia/Tokyo ","787a02b1-d733-46da-b179-c5ba216279e2",,"https://s3-ap-northeast-1.amazonaws.com/test-ok-sky/embedded_web/index.html",184.0,8.0
"2016-09-26 13:14:47","Asia/Tokyo ","787a02b1-d733-46da-b179-c5ba216279e2",,"https://s3-ap-northeast-1.amazonaws.com/test-ok-sky/embedded_web/index.html",184.0,8.0
"2016-10-12 16:21:17","Asia/Tokyo ","7b0aa126-0486-4184-9e27-d1c798fb7c9f",,"https://s3-ap-northeast-1.amazonaws.com/test-ok-sky/embedded_web/index.html",184.0,8.0
"2016-10-12 16:21:27","Asia/Tokyo ","7b0aa126-0486-4184-9e27-d1c798fb7c9f",,"https://s3-ap-northeast-1.amazonaws.com/test-ok-sky/embedded_web/index.html",184.0,8.0
"2016-10-04 11:59:13","Asia/Tokyo ","7b2dd401-1d4e-4768-93b8-593d5a130ba6","http://shop.haunt-tokyo.com/shopping.php?id=Contents_150403_shirt","https://secure.smartshopping.jp/haunt/index.php?id=MypageLoginu0026SSID=itMSmHD_iAHrDrvIi8Exl-_midaJ5hegwyPiLbEjpVWbtVmbuyR6nenUYotlNsqA",2.0,16.0
"2016-10-04 11:59:57","Asia/Tokyo ","7b2dd401-1d4e-4768-93b8-593d5a130ba6","http://shop.haunt-tokyo.com/shopping.php?id=Contents_150403_shirt","https://secure.smartshopping.jp/haunt/index.php?id=MypageLoginu0026SSID=itMSmHD_iAHrDrvIi8Exl-_midaJ5hegwyPiLbEjpVWbtVmbuyR6nenUYotlNsqA",2.0,16.0
"2016-10-01 17:20:01","Asia/Tokyo ","7f33bccd-6a1c-4eba-baa2-88dc9933e383",,"https://s3-ap-northeast-1.amazonaws.com/test-ok-sky/embedded_web/index.html",184.0,8.0
"2016-10-01 17:20:29","Asia/Tokyo ","7f33bccd-6a1c-4eba-baa2-88dc9933e383",,"https://s3-ap-northeast-1.amazonaws.com/test-ok-sky/embedded_web/index.html",184.0,8.0
"2016-09-26 18:19:51","Asia/Tokyo ","80aa5699-fbd0-4835-bc02-7218f5f1338e",,"https://s3-ap-northeast-1.amazonaws.com/test-ok-sky/embedded_web/index.html",184.0,8.0
"2016-10-04 12:02:00","Asia/Seoul ","85591c9d-08db-42a6-b78d-57ec3ee0e72e",,"http://shop.haunt-tokyo.com/shopping.php?id=Contents_150403_shirt",18.0,4.0
"2016-10-11 19:41:55","Asia/Tokyo ","87076687-78ce-410a-bdf9-07fd1e63c7b6",,"https://s3-ap-northeast-1.amazonaws.com/test-ok-sky/embedded_web/index.html",184.0,8.0
"2016-10-11 19:47:20","Asia/Tokyo ","87076687-78ce-410a-bdf9-07fd1e63c7b6",,"https://s3-ap-northeast-1.amazonaws.com/test-ok-sky/embedded_web/index.html",184.0,8.0
"2016-10-11 19:48:36","Asia/Tokyo ","87076687-78ce-410a-bdf9-07fd1e63c7b6",,"https://s3-ap-northeast-1.amazonaws.com/test-ok-sky/embedded_web/index.html",184.0,8.0
"2016-10-11 19:50:23","Asia/Tokyo ","87076687-78ce-410a-bdf9-07fd1e63c7b6",,"https://s3-ap-northeast-1.amazonaws.com/test-ok-sky/embedded_web/index.html",184.0,8.0
"2016-10-11 19:55:06","Asia/Tokyo ","87076687-78ce-410a-bdf9-07fd1e63c7b6",,"https://s3-ap-northeast-1.amazonaws.com/test-ok-sky/embedded_web/index.html",184.0,8.0
"2016-09-23 10:29:28","Asia/Tokyo ","88b92923-b9be-441d-be51-054df3e7470a",,"https://s3-ap-northeast-1.amazonaws.com/test-ok-sky/embedded_web/index.html",184.0,8.0
"2016-10-24 01:17:32","Asia/Tokyo ","8be8e299-d1ba-4bf0-8308-9671ff089aa0",,"https://s3-ap-northeast-1.amazonaws.com/test-ok-sky/embedded_web/index.html",184.0,8.0
"2016-10-24 01:20:25","Asia/Tokyo ","8be8e299-d1ba-4bf0-8308-9671ff089aa0",,"https://s3-ap-northeast-1.amazonaws.com/test-ok-sky/embedded_web/index.html",184.0,8.0
"2016-08-31 12:03:40","Asia/Tokyo ","8c226ad5-2644-4a53-a273-b795e3e27765","https://www.chatwork.com/","https://s3-ap-northeast-1.amazonaws.com/test-ok-sky/embedded_web/index.html",184.0,8.0
"2016-08-30 19:45:35","Asia/Tokyo ","8ddcb0be-7037-44a0-a747-43f0b9d63a96",,"https://s3-ap-northeast-1.amazonaws.com/test-ok-sky/embedded_web/index.html",184.0,8.0
"2016-08-30 19:50:45","Asia/Tokyo ","8ddcb0be-7037-44a0-a747-43f0b9d63a96",,"https://s3-ap-northeast-1.amazonaws.com/test-ok-sky/embedded_web/index.html",184.0,8.0
"2016-10-24 20:41:03","Asia/Tokyo ","8e03e4e0-e7c4-4acd-997c-bd0559a98a48",,"https://s3-ap-northeast-1.amazonaws.com/test-ok-sky/embedded_web/index.html",184.0,8.0
"2016-10-04 11:57:11","Asia/Tokyo ","8e60c259-a92c-4f91-91d7-ad8850e28eb6",,"http://shop.haunt-tokyo.com/shopping.php?id=Contents_150403_shirt",18.0,4.0
"2016-10-06 10:48:06","Asia/Seoul ","8ea1d000-8567-436b-83a6-598f6ae4a72c",,"https://s3-ap-northeast-1.amazonaws.com/test-ok-sky/embedded_web/index.html",184.0,8.0
"2016-10-03 15:02:30","Asia/Tokyo ","8ede1f02-8110-4388-ae45-7e022c26155d","https://neos.smartmessage.jp/","https://s3-ap-northeast-1.amazonaws.com/test-ok-sky/embedded_web/index.html",184.0,8.0
"2016-10-03 15:02:34","Asia/Tokyo ","8ede1f02-8110-4388-ae45-7e022c26155d","https://neos.smartmessage.jp/","https://s3-ap-northeast-1.amazonaws.com/test-ok-sky/embedded_web/index.html",184.0,8.0
"2016-10-03 15:03:14","Asia/Tokyo ","8ede1f02-8110-4388-ae45-7e022c26155d","https://neos.smartmessage.jp/","https://s3-ap-northeast-1.amazonaws.com/test-ok-sky/embedded_web/index.html",184.0,8.0
"2016-10-07 14:41:43","Asia/Tokyo ","8ede1f02-8110-4388-ae45-7e022c26155d","https://neos.smartmessage.jp/","https://s3-ap-northeast-1.amazonaws.com/test-ok-sky/embedded_web/index.html",184.0,8.0
"2016-10-11 11:06:47","Asia/Tokyo ","8ede1f02-8110-4388-ae45-7e022c26155d",,"https://s3-ap-northeast-1.amazonaws.com/test-ok-sky/embedded_web/index.html",184.0,8.0
"2016-10-31 13:02:06","Asia/Tokyo ","921f9834-b8a8-4ba2-af05-a20a8630e16c",,"https://s3-ap-northeast-1.amazonaws.com/test-ok-sky/embedded_web/index.html",184.0,8.0
"2016-10-31 13:08:39","Asia/Tokyo ","921f9834-b8a8-4ba2-af05-a20a8630e16c",,"https://s3-ap-northeast-1.amazonaws.com/test-ok-sky/embedded_web/index.html",184.0,8.0
"2016-10-31 13:02:18","Asia/Tokyo ","921f9834-b8a8-4ba2-af05-a20a8630e16c",,"https://s3-ap-northeast-1.amazonaws.com/test-ok-sky/embedded_web/index.html",184.0,8.0
"2016-10-31 16:11:51","Asia/Tokyo ","921f9834-b8a8-4ba2-af05-a20a8630e16c",,"https://s3-ap-northeast-1.amazonaws.com/test-ok-sky/embedded_web/index.html",184.0,8.0
"2016-10-13 20:38:11","Asia/Tokyo ","93119a54-7191-42c3-881a-f508d90ec07c",,"https://s3-ap-northeast-1.amazonaws.com/test-ok-sky/embedded_web/index.html",184.0,8.0
"2016-10-07 14:46:05","Asia/Tokyo ","93459abb-a440-4256-a268-a91054b7f99a",,"https://s3-ap-northeast-1.amazonaws.com/test-ok-sky/embedded_web/index.html",184.0,8.0
"2016-08-31 18:17:26","Asia/Tokyo ","93ee476c-7d6c-4566-9ff3-0466e8220e57",,"https://s3-ap-northeast-1.amazonaws.com/test-ok-sky/embedded_web/index.html",184.0,8.0
"2016-09-01 15:51:47","Asia/Tokyo ","950c4398-27e1-46a9-b275-35f9f6cb6013",,"https://s3-ap-northeast-1.amazonaws.com/test-ok-sky/embedded_web/index.html",184.0,8.0
"2016-09-01 15:53:35","Asia/Tokyo ","953d9ee3-942f-4d0c-a19b-30f60c481607",,"https://s3-ap-northeast-1.amazonaws.com/test-ok-sky/embedded_web/index.html",184.0,8.0
"2016-10-27 21:08:35","Asia/Tokyo ","963fac11-54ab-4d70-a851-b2418ce66837",,"https://s3-ap-northeast-1.amazonaws.com/test-ok-sky/embedded_web/index.html",184.0,8.0
"2016-09-26 15:19:13","Asia/Tokyo ","978cb071-c738-46a0-9eb9-8f44975bf2de",,"https://s3-ap-northeast-1.amazonaws.com/test-ok-sky/embedded_web/index.html",184.0,8.0
"2016-09-27 00:46:39","Asia/Tokyo ","98afd3e5-9d40-44e6-9d89-503ae7e00d0f",,"https://s3-ap-northeast-1.amazonaws.com/test-ok-sky/embedded_web/index.html",184.0,8.0
"2016-09-06 02:19:24","Asia/Tokyo ","99975071-88bd-4cdb-83d3-613d243c6478",,"https://s3-ap-northeast-1.amazonaws.com/test-ok-sky/embedded_web/index.html",184.0,8.0
"2016-09-23 14:11:35","Asia/Tokyo ","9b5d6729-59a9-4d00-b744-aec9d10a2878",,"https://s3-ap-northeast-1.amazonaws.com/test-ok-sky/embedded_web/index.html",184.0,8.0
"2016-09-23 14:11:50","Asia/Tokyo ","9b5d6729-59a9-4d00-b744-aec9d10a2878",,"https://s3-ap-northeast-1.amazonaws.com/test-ok-sky/embedded_web/index.html",184.0,8.0
"2016-09-23 14:23:43","Asia/Tokyo ","9b5d6729-59a9-4d00-b744-aec9d10a2878",,"https://s3-ap-northeast-1.amazonaws.com/test-ok-sky/embedded_web/index.html",184.0,8.0
"2016-10-11 22:20:39","Asia/Tokyo ","9bb30549-0d11-4cc3-9471-fda0fc1c4de5",,"https://s3-ap-northeast-1.amazonaws.com/test-ok-sky/embedded_web/index.html",184.0,8.0
"2016-10-13 10:33:13","Asia/Tokyo ","9cb76b12-4954-4c93-bde3-7d6335b01e73",,"https://s3-ap-northeast-1.amazonaws.com/test-ok-sky/embedded_web/index.html",184.0,8.0
"2016-10-13 11:03:24","Asia/Tokyo ","9cb76b12-4954-4c93-bde3-7d6335b01e73",,"https://s3-ap-northeast-1.amazonaws.com/test-ok-sky/embedded_web/index.html",184.0,8.0
"2016-10-17 15:06:43","Asia/Tokyo ","9cb76b12-4954-4c93-bde3-7d6335b01e73",,"https://s3-ap-northeast-1.amazonaws.com/test-ok-sky/embedded_web/index.html",184.0,8.0
"2016-10-24 12:45:35","Asia/Tokyo ","9cb76b12-4954-4c93-bde3-7d6335b01e73",,"https://s3-ap-northeast-1.amazonaws.com/test-ok-sky/embedded_web/index.html",184.0,8.0
"2016-10-27 15:34:44","Asia/Tokyo ","9cb76b12-4954-4c93-bde3-7d6335b01e73",,"https://s3-ap-northeast-1.amazonaws.com/test-ok-sky/embedded_web/index.html",184.0,8.0
"2016-10-28 12:00:13","Asia/Tokyo ","9cb76b12-4954-4c93-bde3-7d6335b01e73",,"https://s3-ap-northeast-1.amazonaws.com/test-ok-sky/embedded_web/index.html",184.0,8.0
"2016-08-31 18:09:08","Asia/Tokyo ","9cdaeaa5-3412-4de0-bed7-492206f08bde",,"https://s3-ap-northeast-1.amazonaws.com/test-ok-sky/embedded_web/index.html",184.0,8.0
"2016-09-30 12:13:43","Asia/Tokyo ","9d1dc7c5-448b-49e6-aca5-23a822e854d7",,"https://s3-ap-northeast-1.amazonaws.com/test-ok-sky/embedded_web/index.html",184.0,8.0
"2016-09-05 12:55:09","Asia/Tokyo ","9ecc5dd8-3338-41a7-a16a-47704d94feac",,"http://isetan.mistore.jp/onlinestore/women/list?categoryId=01_010500u0026rid=cd04b9c17a2b440d9803a169b1dda097",6.0,2.0
"2016-10-04 11:44:03","Asia/Seoul ","a066bb3e-b7b4-41c1-89cf-ff381671c476",,"http://shop.haunt-tokyo.com/shopping.php?id=Contents_150403_shirt",18.0,4.0
"2016-10-30 15:47:19","Asia/Tokyo ","a3655337-65d0-4f02-98ad-141098d12790","https://www.google.co.jp/","http://zozo.jp/",14.0,7.0
"2016-09-26 15:18:53","Asia/Tokyo ","a604a90e-90b4-4733-84f5-9ae8b3316050","https://neos.smartmessage.jp/","https://s3-ap-northeast-1.amazonaws.com/test-ok-sky/embedded_web/index.html",184.0,8.0
"2016-10-25 11:28:47","Asia/Tokyo ","a604a90e-90b4-4733-84f5-9ae8b3316050","https://neos.smartmessage.jp/","https://s3-ap-northeast-1.amazonaws.com/test-ok-sky/embedded_web/nu-chat/neos_test.html",131.0,9.0
"2016-09-26 12:13:07","Asia/Tokyo ","a6f3566f-dc1a-483f-9ce6-2bccbdbab4ff",,"https://s3-ap-northeast-1.amazonaws.com/test-ok-sky/embedded_web/index.html",184.0,8.0
"2016-09-26 12:22:38","Asia/Tokyo ","a6f3566f-dc1a-483f-9ce6-2bccbdbab4ff",,"https://s3-ap-northeast-1.amazonaws.com/test-ok-sky/embedded_web/index.html",184.0,8.0
"2016-09-26 12:22:43","Asia/Tokyo ","a6f3566f-dc1a-483f-9ce6-2bccbdbab4ff",,"https://s3-ap-northeast-1.amazonaws.com/test-ok-sky/embedded_web/index.html",184.0,8.0
"2016-09-26 12:22:56","Asia/Tokyo ","a6f3566f-dc1a-483f-9ce6-2bccbdbab4ff",,"https://s3-ap-northeast-1.amazonaws.com/test-ok-sky/embedded_web/index.html",184.0,8.0
"2016-10-04 11:38:48","Asia/Tokyo ","a78f16ae-77f2-4dfc-bbc3-88a812c42361",,"http://shop.haunt-tokyo.com/shopping.php?id=Contents_150403_shirt",18.0,4.0
"2016-09-20 17:47:53","Asia/Tokyo ","a84d4f24-7761-4e5d-97e4-322c67b530c4",,"https://s3-ap-northeast-1.amazonaws.com/test-ok-sky/embedded_web/index.html",184.0,8.0
"2016-09-29 11:28:21","Asia/Tokyo ","ab317ddc-2075-4d56-b0f9-523a5953d6e1",,"https://s3-ap-northeast-1.amazonaws.com/test-ok-sky/embedded_web/index.html",184.0,8.0
"2016-09-29 11:36:21","Asia/Tokyo ","ab317ddc-2075-4d56-b0f9-523a5953d6e1",,"https://s3-ap-northeast-1.amazonaws.com/test-ok-sky/embedded_web/index.html",184.0,8.0
"2016-10-21 20:40:36","Asia/Seoul ","ace0c968-888b-46d8-9b82-c00decef42ff",,"https://s3-ap-northeast-1.amazonaws.com/test-ok-sky/embedded_web/index.html",184.0,8.0
"2016-10-21 22:00:13","Asia/Seoul ","ace0c968-888b-46d8-9b82-c00decef42ff",,"https://s3-ap-northeast-1.amazonaws.com/test-ok-sky/embedded_web/index.html",184.0,8.0
"2016-09-29 19:55:28","Asia/Tokyo ","adf552bd-9856-4f57-bcd6-1034621af102",,"https://s3-ap-northeast-1.amazonaws.com/test-ok-sky/embedded_web/index.html",184.0,8.0
"2016-10-07 14:41:50","Asia/Tokyo ","b095de92-6394-43b6-8219-7143cfe3c1a6",,"https://s3-ap-northeast-1.amazonaws.com/test-ok-sky/embedded_web/index.html",184.0,8.0
"2016-10-11 11:06:54","Asia/Tokyo ","b095de92-6394-43b6-8219-7143cfe3c1a6",,"https://s3-ap-northeast-1.amazonaws.com/test-ok-sky/embedded_web/index.html",184.0,8.0
"2016-10-07 11:40:29","Asia/Tokyo ","b1d397ee-f805-4591-a88f-5e449656f50e",,"https://s3-ap-northeast-1.amazonaws.com/test-ok-sky/embedded_web/index.html",184.0,8.0
"2016-09-01 16:16:59","Asia/Tokyo ","b1d77437-333f-478e-bdfc-0287f03974ad",,"https://s3-ap-northeast-1.amazonaws.com/test-ok-sky/embedded_web/index.html",184.0,8.0
"2016-11-07 21:36:25","Asia/Tokyo ","b1edeb73-7109-4e9f-849b-67df476ad2cb",,"https://s3-ap-northeast-1.amazonaws.com/test-ok-sky/embedded_web/index.html",184.0,8.0
"2016-11-07 21:40:22","Asia/Tokyo ","b1edeb73-7109-4e9f-849b-67df476ad2cb",,"https://s3-ap-northeast-1.amazonaws.com/test-ok-sky/embedded_web/index.html",184.0,8.0
"2016-11-07 21:40:49","Asia/Tokyo ","b1edeb73-7109-4e9f-849b-67df476ad2cb",,"https://s3-ap-northeast-1.amazonaws.com/test-ok-sky/embedded_web/index.html",184.0,8.0
"2016-10-03 15:03:56","Asia/Tokyo ","b2816233-2c86-4626-9416-52849fa82ca8",,"https://s3-ap-northeast-1.amazonaws.com/test-ok-sky/embedded_web/index.html",184.0,8.0
"2016-10-04 11:56:25","Asia/Seoul ","b31315d6-c230-4bf9-b825-11700fcf052a",,"http://shop.haunt-tokyo.com/shopping.php?id=Contents_150403_shirt",18.0,4.0
"2016-11-01 19:33:04","Asia/Tokyo ","b5cd5c4b-b9b9-4181-8db5-b8275131ca97","http://haunt-tokyo.com/main.html","http://shop.haunt-tokyo.com/shopping.php",2.0,3.0
"2016-11-01 19:34:38","Asia/Tokyo ","b5cd5c4b-b9b9-4181-8db5-b8275131ca97","http://haunt-tokyo.com/main.html","http://shop.haunt-tokyo.com/shopping.php",2.0,3.0
"2016-10-05 19:01:29","Asia/Seoul ","b6b5f384-e966-488d-b34c-34665048624d","https://neos.smartmessage.jp/","https://s3-ap-northeast-1.amazonaws.com/test-ok-sky/embedded_web/index.html",184.0,8.0
"2016-10-06 16:35:36","Asia/Seoul ","b6b5f384-e966-488d-b34c-34665048624d",,"https://s3-ap-northeast-1.amazonaws.com/test-ok-sky/embedded_web/index.html",184.0,8.0
"2016-10-19 13:55:48","Asia/Seoul ","b6b5f384-e966-488d-b34c-34665048624d",,"https://s3-ap-northeast-1.amazonaws.com/test-ok-sky/embedded_web/index.html",184.0,8.0
"2016-10-21 18:29:02","Asia/Seoul ","b6b5f384-e966-488d-b34c-34665048624d","https://neos.smartmessage.jp/","https://s3-ap-northeast-1.amazonaws.com/test-ok-sky/embedded_web/nu-chat/neos_test.html",131.0,9.0
"2016-09-29 19:56:00","Asia/Tokyo ","b8dbc8cf-b6c6-418a-80e0-be5560141a78",,"https://s3-ap-northeast-1.amazonaws.com/test-ok-sky/embedded_web/index.html",184.0,8.0
"2016-09-05 12:55:36","Asia/Tokyo ","b9124ced-6bde-47e7-b45b-7cf950e699a1","http://isetan.mistore.jp/onlinestore/women/list?categoryId=01_010500u0026rid=cd04b9c17a2b440d9803a169b1dda097","http://isetan.mistore.jp/onlinestore/men/index.html?rid=50594f072606495482080002b5e418f7",1.0,1.0
"2016-10-07 14:41:55","Asia/Tokyo ","b9f7db23-67f1-479d-ae8c-1d8ea29abd8b",,"https://s3-ap-northeast-1.amazonaws.com/test-ok-sky/embedded_web/index.html",184.0,8.0
"2016-10-04 11:49:26","Asia/Tokyo ","c25f6662-867c-4c65-ae02-ac11f0e1185c",,"http://shop.haunt-tokyo.com/shopping.php?id=Contents_150403_shirt",18.0,4.0
"2016-10-31 13:01:45","Asia/Tokyo ","c26060b2-0979-4727-853d-83b2e47f40df",,"https://s3-ap-northeast-1.amazonaws.com/test-ok-sky/embedded_web/index.html",184.0,8.0
"2016-08-31 13:39:41","Asia/Tokyo ","c7f68e86-c0c2-4513-a7ff-c08cf96ef2a9",,"https://s3-ap-northeast-1.amazonaws.com/test-ok-sky/embedded_web/index.html",184.0,8.0
"2016-08-31 18:18:24","Asia/Tokyo ","c92cadbd-3ac9-432d-ac3d-9e5eb9ba6f9e",,"https://s3-ap-northeast-1.amazonaws.com/test-ok-sky/embedded_web/index.html",184.0,8.0
"2016-08-31 09:32:31","Asia/Tokyo ","c9837834-61ed-4073-9141-79003fcc2c2d",,"https://s3-ap-northeast-1.amazonaws.com/test-ok-sky/embedded_web/index.html",184.0,8.0
"2016-09-30 11:15:48","Asia/Tokyo ","cb6c0bcd-db0b-472b-adff-d55f3cfbf922","https://mail.google.com/mail/mu/mp/866/?source=napu0026hr=1u0026hl=ja-JP","https://s3-ap-northeast-1.amazonaws.com/test-ok-sky/embedded_web/index.html",184.0,8.0
"2016-09-30 11:22:00","Asia/Tokyo ","cb6c0bcd-db0b-472b-adff-d55f3cfbf922","https://mail.google.com/mail/mu/mp/866/?source=napu0026hr=1u0026hl=ja-JP","https://s3-ap-northeast-1.amazonaws.com/test-ok-sky/embedded_web/index.html",184.0,8.0
"2016-10-04 11:37:35","Asia/Tokyo ","cbfe3b47-a039-4aff-8a14-3f69c38540b5",,"http://shop.haunt-tokyo.com/shopping.php?id=Contents_150403_shirt",18.0,4.0
"2016-10-21 01:03:53","Asia/Tokyo ","cc50acbb-9f63-4ad7-8e70-86223fa7f089",,"https://s3-ap-northeast-1.amazonaws.com/test-ok-sky/embedded_web/nu-chat/neos_test.html",131.0,9.0
"2016-10-21 16:02:34","Asia/Tokyo ","cc50acbb-9f63-4ad7-8e70-86223fa7f089","https://app.asana.com/0/199835162310921/199835162310924","https://s3-ap-northeast-1.amazonaws.com/test-ok-sky/embedded_web/nu-chat/neos_test.html",131.0,9.0
"2016-10-21 16:04:47","Asia/Tokyo ","cc50acbb-9f63-4ad7-8e70-86223fa7f089",,"https://s3-ap-northeast-1.amazonaws.com/test-ok-sky/embedded_web/nu-chat/neos_test.html",131.0,9.0
"2016-10-21 16:37:45","Asia/Seoul ","cc50acbb-9f63-4ad7-8e70-86223fa7f089",,"https://s3-ap-northeast-1.amazonaws.com/test-ok-sky/embedded_web/nu-chat/neos_test.html",131.0,9.0
"2016-10-21 16:44:37","Asia/Seoul ","cc50acbb-9f63-4ad7-8e70-86223fa7f089",,"https://s3-ap-northeast-1.amazonaws.com/test-ok-sky/embedded_web/nu-chat/neos_test.html",131.0,9.0
"2016-10-21 16:57:46","Asia/Seoul ","cc50acbb-9f63-4ad7-8e70-86223fa7f089",,"https://s3-ap-northeast-1.amazonaws.com/test-ok-sky/embedded_web/nu-chat/neos_test.html",131.0,9.0
"2016-10-21 17:58:28","Asia/Tokyo ","cc50acbb-9f63-4ad7-8e70-86223fa7f089",,"https://s3-ap-northeast-1.amazonaws.com/test-ok-sky/embedded_web/nu-chat/neos_test.html",131.0,9.0
"2016-10-21 18:04:47","Asia/Seoul ","cc50acbb-9f63-4ad7-8e70-86223fa7f089",,"https://s3-ap-northeast-1.amazonaws.com/test-ok-sky/embedded_web/nu-chat/neos_test.html",131.0,9.0
"2016-10-21 18:05:29","Asia/Tokyo ","cc50acbb-9f63-4ad7-8e70-86223fa7f089",,"https://s3-ap-northeast-1.amazonaws.com/test-ok-sky/embedded_web/nu-chat/neos_test.html",131.0,9.0
"2016-10-21 18:06:22","Asia/Tokyo ","cc50acbb-9f63-4ad7-8e70-86223fa7f089",,"https://s3-ap-northeast-1.amazonaws.com/test-ok-sky/embedded_web/nu-chat/neos_test.html",131.0,9.0
"2016-10-21 18:13:31","Asia/Seoul ","cc50acbb-9f63-4ad7-8e70-86223fa7f089",,"https://s3-ap-northeast-1.amazonaws.com/test-ok-sky/embedded_web/nu-chat/neos_test.html",131.0,9.0
"2016-10-21 18:14:38","Asia/Seoul ","cc50acbb-9f63-4ad7-8e70-86223fa7f089",,"https://s3-ap-northeast-1.amazonaws.com/test-ok-sky/embedded_web/nu-chat/neos_test.html",131.0,9.0
"2016-10-21 18:21:01","Asia/Seoul ","cc50acbb-9f63-4ad7-8e70-86223fa7f089",,"https://s3-ap-northeast-1.amazonaws.com/test-ok-sky/embedded_web/nu-chat/neos_test.html",131.0,9.0
"2016-10-21 18:21:37","Asia/Seoul ","cc50acbb-9f63-4ad7-8e70-86223fa7f089",,"https://s3-ap-northeast-1.amazonaws.com/test-ok-sky/embedded_web/nu-chat/neos_test.html",131.0,9.0
"2016-10-21 18:24:48","Asia/Tokyo ","cc50acbb-9f63-4ad7-8e70-86223fa7f089",,"https://s3-ap-northeast-1.amazonaws.com/test-ok-sky/embedded_web/nu-chat/neos_test.html",131.0,9.0
"2016-10-21 20:48:16","Asia/Tokyo ","cc50acbb-9f63-4ad7-8e70-86223fa7f089",,"https://s3-ap-northeast-1.amazonaws.com/test-ok-sky/embedded_web/nu-chat/neos_test.html",131.0,9.0
"2016-10-21 21:38:53","Asia/Tokyo ","cc50acbb-9f63-4ad7-8e70-86223fa7f089",,"https://s3-ap-northeast-1.amazonaws.com/test-ok-sky/embedded_web/nu-chat/neos_test.html",131.0,9.0
"2016-10-21 16:44:48","Asia/Seoul ","cc50acbb-9f63-4ad7-8e70-86223fa7f089",,"https://s3-ap-northeast-1.amazonaws.com/test-ok-sky/embedded_web/nu-chat/neos_test.html",131.0,9.0
"2016-10-21 16:57:14","Asia/Seoul ","cc50acbb-9f63-4ad7-8e70-86223fa7f089",,"https://s3-ap-northeast-1.amazonaws.com/test-ok-sky/embedded_web/nu-chat/neos_test.html",131.0,9.0
"2016-10-21 17:59:46","Asia/Seoul ","cc50acbb-9f63-4ad7-8e70-86223fa7f089",,"https://s3-ap-northeast-1.amazonaws.com/test-ok-sky/embedded_web/nu-chat/neos_test.html",131.0,9.0
"2016-10-21 18:03:03","Asia/Seoul ","cc50acbb-9f63-4ad7-8e70-86223fa7f089",,"https://s3-ap-northeast-1.amazonaws.com/test-ok-sky/embedded_web/nu-chat/neos_test.html",131.0,9.0
"2016-10-21 18:12:51","Asia/Seoul ","cc50acbb-9f63-4ad7-8e70-86223fa7f089",,"https://s3-ap-northeast-1.amazonaws.com/test-ok-sky/embedded_web/nu-chat/neos_test.html",131.0,9.0
"2016-10-21 18:13:43","Asia/Seoul ","cc50acbb-9f63-4ad7-8e70-86223fa7f089",,"https://s3-ap-northeast-1.amazonaws.com/test-ok-sky/embedded_web/nu-chat/neos_test.html",131.0,9.0
"2016-10-21 18:22:19","Asia/Tokyo ","cc50acbb-9f63-4ad7-8e70-86223fa7f089",,"https://s3-ap-northeast-1.amazonaws.com/test-ok-sky/embedded_web/nu-chat/neos_test.html",131.0,9.0
"2016-10-21 19:05:46","Asia/Tokyo ","cc50acbb-9f63-4ad7-8e70-86223fa7f089",,"https://s3-ap-northeast-1.amazonaws.com/test-ok-sky/embedded_web/nu-chat/neos_test.html",131.0,9.0
"2016-10-21 19:28:21","Asia/Tokyo ","cc50acbb-9f63-4ad7-8e70-86223fa7f089",,"https://s3-ap-northeast-1.amazonaws.com/test-ok-sky/embedded_web/nu-chat/neos_test.html",131.0,9.0
"2016-10-21 19:39:23","Asia/Tokyo ","cc50acbb-9f63-4ad7-8e70-86223fa7f089",,"https://s3-ap-northeast-1.amazonaws.com/test-ok-sky/embedded_web/nu-chat/neos_test.html",131.0,9.0
"2016-10-25 11:22:56","Asia/Seoul ","cc50acbb-9f63-4ad7-8e70-86223fa7f089",,"https://s3-ap-northeast-1.amazonaws.com/test-ok-sky/embedded_web/nu-chat/neos_test.html",131.0,9.0
"2016-10-25 11:33:50","Asia/Tokyo ","cc50acbb-9f63-4ad7-8e70-86223fa7f089","https://neos.smartmessage.jp/","https://s3-ap-northeast-1.amazonaws.com/test-ok-sky/embedded_web/nu-chat/neos_test.html",131.0,9.0
"2016-10-25 11:23:02","Asia/Seoul ","cc50acbb-9f63-4ad7-8e70-86223fa7f089",,"https://s3-ap-northeast-1.amazonaws.com/test-ok-sky/embedded_web/nu-chat/neos_test.html",131.0,9.0
"2016-10-25 11:24:49","Asia/Seoul ","cc50acbb-9f63-4ad7-8e70-86223fa7f089",,"https://s3-ap-northeast-1.amazonaws.com/test-ok-sky/embedded_web/nu-chat/neos_test.html",131.0,9.0
"2016-10-25 11:26:00","Asia/Seoul ","cc50acbb-9f63-4ad7-8e70-86223fa7f089",,"https://s3-ap-northeast-1.amazonaws.com/test-ok-sky/embedded_web/nu-chat/neos_test.html",131.0,9.0
"2016-10-25 11:29:00","Asia/Seoul ","cc50acbb-9f63-4ad7-8e70-86223fa7f089","https://neos.smartmessage.jp/","https://s3-ap-northeast-1.amazonaws.com/test-ok-sky/embedded_web/nu-chat/neos_test.html",131.0,9.0
"2016-10-25 12:15:02","Asia/Tokyo ","cc50acbb-9f63-4ad7-8e70-86223fa7f089",,"https://s3-ap-northeast-1.amazonaws.com/test-ok-sky/embedded_web/nu-chat/neos_test.html",131.0,9.0
"2016-10-25 12:24:55","Asia/Tokyo ","cc50acbb-9f63-4ad7-8e70-86223fa7f089",,"https://s3-ap-northeast-1.amazonaws.com/test-ok-sky/embedded_web/nu-chat/neos_test.html",131.0,9.0
"2016-10-25 12:25:29","Asia/Tokyo ","cc50acbb-9f63-4ad7-8e70-86223fa7f089","https://neos.smartmessage.jp/","https://s3-ap-northeast-1.amazonaws.com/test-ok-sky/embedded_web/nu-chat/neos_test.html",131.0,9.0
"2016-10-25 12:25:51","Asia/Tokyo ","cc50acbb-9f63-4ad7-8e70-86223fa7f089",,"https://s3-ap-northeast-1.amazonaws.com/test-ok-sky/embedded_web/nu-chat/neos_test.html",131.0,9.0
"2016-10-25 12:27:31","Asia/Tokyo ","cc50acbb-9f63-4ad7-8e70-86223fa7f089",,"https://s3-ap-northeast-1.amazonaws.com/test-ok-sky/embedded_web/nu-chat/neos_test.html",131.0,9.0
"2016-10-25 12:34:41","Asia/Tokyo ","cc50acbb-9f63-4ad7-8e70-86223fa7f089",,"https://s3-ap-northeast-1.amazonaws.com/test-ok-sky/embedded_web/nu-chat/neos_test.html",131.0,9.0
"2016-10-25 12:35:09","Asia/Tokyo ","cc50acbb-9f63-4ad7-8e70-86223fa7f089",,"https://s3-ap-northeast-1.amazonaws.com/test-ok-sky/embedded_web/nu-chat/neos_test.html",131.0,9.0
"2016-10-25 12:36:50","Asia/Tokyo ","cc50acbb-9f63-4ad7-8e70-86223fa7f089",,"https://s3-ap-northeast-1.amazonaws.com/test-ok-sky/embedded_web/nu-chat/neos_test.html",131.0,9.0
"2016-10-25 12:45:10","Asia/Seoul ","cc50acbb-9f63-4ad7-8e70-86223fa7f089","https://neos.smartmessage.jp/","https://s3-ap-northeast-1.amazonaws.com/test-ok-sky/embedded_web/nu-chat/neos_test.html",131.0,9.0
"2016-10-25 12:45:24","Asia/Seoul ","cc50acbb-9f63-4ad7-8e70-86223fa7f089","https://neos.smartmessage.jp/","https://s3-ap-northeast-1.amazonaws.com/test-ok-sky/embedded_web/nu-chat/neos_test.html",131.0,9.0
"2016-10-25 12:45:41","Asia/Seoul ","cc50acbb-9f63-4ad7-8e70-86223fa7f089","https://neos.smartmessage.jp/","https://s3-ap-northeast-1.amazonaws.com/test-ok-sky/embedded_web/nu-chat/neos_test.html",131.0,9.0
"2016-10-25 12:52:04","Asia/Tokyo ","cc50acbb-9f63-4ad7-8e70-86223fa7f089",,"https://s3-ap-northeast-1.amazonaws.com/test-ok-sky/embedded_web/nu-chat/neos_test.html",131.0,9.0
"2016-10-25 12:52:31","Asia/Tokyo ","cc50acbb-9f63-4ad7-8e70-86223fa7f089",,"https://s3-ap-northeast-1.amazonaws.com/test-ok-sky/embedded_web/nu-chat/neos_test.html",131.0,9.0
"2016-10-25 12:52:58","Asia/Seoul ","cc50acbb-9f63-4ad7-8e70-86223fa7f089","https://neos.smartmessage.jp/","https://s3-ap-northeast-1.amazonaws.com/test-ok-sky/embedded_web/nu-chat/neos_test.html",131.0,9.0
"2016-10-25 12:53:02","Asia/Seoul ","cc50acbb-9f63-4ad7-8e70-86223fa7f089","https://neos.smartmessage.jp/","https://s3-ap-northeast-1.amazonaws.com/test-ok-sky/embedded_web/nu-chat/neos_test.html",131.0,9.0
"2016-10-25 12:54:32","Asia/Tokyo ","cc50acbb-9f63-4ad7-8e70-86223fa7f089",,"https://s3-ap-northeast-1.amazonaws.com/test-ok-sky/embedded_web/nu-chat/neos_test.html",131.0,9.0
"2016-10-25 12:55:08","Asia/Seoul ","cc50acbb-9f63-4ad7-8e70-86223fa7f089","https://neos.smartmessage.jp/","https://s3-ap-northeast-1.amazonaws.com/test-ok-sky/embedded_web/nu-chat/neos_test.html",131.0,9.0
"2016-10-25 12:57:35","Asia/Tokyo ","cc50acbb-9f63-4ad7-8e70-86223fa7f089","https://neos.smartmessage.jp/","https://s3-ap-northeast-1.amazonaws.com/test-ok-sky/embedded_web/nu-chat/neos_test.html",131.0,9.0
"2016-10-25 12:57:55","Asia/Tokyo ","cc50acbb-9f63-4ad7-8e70-86223fa7f089",,"https://s3-ap-northeast-1.amazonaws.com/test-ok-sky/embedded_web/nu-chat/neos_test.html",131.0,9.0
"2016-10-25 12:58:20","Asia/Tokyo ","cc50acbb-9f63-4ad7-8e70-86223fa7f089",,"https://s3-ap-northeast-1.amazonaws.com/test-ok-sky/embedded_web/nu-chat/neos_test.html",131.0,9.0
"2016-10-25 12:58:36","Asia/Seoul ","cc50acbb-9f63-4ad7-8e70-86223fa7f089","https://neos.smartmessage.jp/","https://s3-ap-northeast-1.amazonaws.com/test-ok-sky/embedded_web/nu-chat/neos_test.html",131.0,9.0
"2016-10-25 12:59:29","Asia/Tokyo ","cc50acbb-9f63-4ad7-8e70-86223fa7f089",,"https://s3-ap-northeast-1.amazonaws.com/test-ok-sky/embedded_web/nu-chat/neos_test.html",131.0,9.0
"2016-10-25 13:09:42","Asia/Seoul ","cc50acbb-9f63-4ad7-8e70-86223fa7f089","https://neos.smartmessage.jp/","https://s3-ap-northeast-1.amazonaws.com/test-ok-sky/embedded_web/nu-chat/neos_test.html",131.0,9.0
"2016-10-25 13:09:55","Asia/Tokyo ","cc50acbb-9f63-4ad7-8e70-86223fa7f089",,"https://s3-ap-northeast-1.amazonaws.com/test-ok-sky/embedded_web/nu-chat/neos_test.html",131.0,9.0
"2016-10-25 13:10:11","Asia/Tokyo ","cc50acbb-9f63-4ad7-8e70-86223fa7f089",,"https://s3-ap-northeast-1.amazonaws.com/test-ok-sky/embedded_web/nu-chat/neos_test.html",131.0,9.0
"2016-10-25 13:10:32","Asia/Tokyo ","cc50acbb-9f63-4ad7-8e70-86223fa7f089",,"https://s3-ap-northeast-1.amazonaws.com/test-ok-sky/embedded_web/nu-chat/neos_test.html",131.0,9.0
"2016-10-25 13:16:04","Asia/Tokyo ","cc50acbb-9f63-4ad7-8e70-86223fa7f089",,"https://s3-ap-northeast-1.amazonaws.com/test-ok-sky/embedded_web/nu-chat/neos_test.html",131.0,9.0
"2016-10-25 14:48:56","Asia/Tokyo ","cc50acbb-9f63-4ad7-8e70-86223fa7f089",,"https://s3-ap-northeast-1.amazonaws.com/test-ok-sky/embedded_web/nu-chat/neos_test.html",131.0,9.0
"2016-10-25 12:57:51","Asia/Tokyo ","cc50acbb-9f63-4ad7-8e70-86223fa7f089","https://neos.smartmessage.jp/","https://s3-ap-northeast-1.amazonaws.com/test-ok-sky/embedded_web/nu-chat/neos_test.html",131.0,9.0
"2016-10-25 12:58:04","Asia/Tokyo ","cc50acbb-9f63-4ad7-8e70-86223fa7f089",,"https://s3-ap-northeast-1.amazonaws.com/test-ok-sky/embedded_web/nu-chat/neos_test.html",131.0,9.0
"2016-10-25 13:04:28","Asia/Tokyo ","cc50acbb-9f63-4ad7-8e70-86223fa7f089",,"https://s3-ap-northeast-1.amazonaws.com/test-ok-sky/embedded_web/nu-chat/neos_test.html",131.0,9.0
"2016-10-25 13:04:51","Asia/Tokyo ","cc50acbb-9f63-4ad7-8e70-86223fa7f089",,"https://s3-ap-northeast-1.amazonaws.com/test-ok-sky/embedded_web/nu-chat/neos_test.html",131.0,9.0
"2016-10-25 13:06:54","Asia/Tokyo ","cc50acbb-9f63-4ad7-8e70-86223fa7f089",,"https://s3-ap-northeast-1.amazonaws.com/test-ok-sky/embedded_web/nu-chat/neos_test.html",131.0,9.0
"2016-10-25 13:06:58","Asia/Tokyo ","cc50acbb-9f63-4ad7-8e70-86223fa7f089",,"https://s3-ap-northeast-1.amazonaws.com/test-ok-sky/embedded_web/nu-chat/neos_test.html",131.0,9.0
"2016-10-25 14:03:54","Asia/Tokyo ","cc50acbb-9f63-4ad7-8e70-86223fa7f089",,"https://s3-ap-northeast-1.amazonaws.com/test-ok-sky/embedded_web/nu-chat/neos_test.html",131.0,9.0
"2016-10-25 14:17:11","Asia/Tokyo ","cc50acbb-9f63-4ad7-8e70-86223fa7f089",,"https://s3-ap-northeast-1.amazonaws.com/test-ok-sky/embedded_web/nu-chat/neos_test.html",131.0,9.0
"2016-10-27 12:18:11","Asia/Seoul ","cc50acbb-9f63-4ad7-8e70-86223fa7f089",,"https://s3-ap-northeast-1.amazonaws.com/test-ok-sky/embedded_web/nu-chat/neos_test.html",131.0,9.0
"2016-10-27 16:33:28","Asia/Tokyo ","cc50acbb-9f63-4ad7-8e70-86223fa7f089","https://neos.smartmessage.jp/","https://s3-ap-northeast-1.amazonaws.com/test-ok-sky/embedded_web/nu-chat/neos_test.html",131.0,9.0
"2016-10-31 13:51:13","Asia/Tokyo ","cc50acbb-9f63-4ad7-8e70-86223fa7f089",,"https://s3-ap-northeast-1.amazonaws.com/test-ok-sky/embedded_web/nu-chat/neos_test.html",131.0,9.0
"2016-10-31 13:22:27","Asia/Seoul ","cc50acbb-9f63-4ad7-8e70-86223fa7f089",,"https://s3-ap-northeast-1.amazonaws.com/test-ok-sky/embedded_web/nu-chat/neos_test.html",131.0,9.0
"2016-10-31 16:13:37","Asia/Seoul ","cc50acbb-9f63-4ad7-8e70-86223fa7f089",,"https://s3-ap-northeast-1.amazonaws.com/test-ok-sky/embedded_web/nu-chat/neos_test.html",131.0,9.0
"2016-10-31 16:29:32","Asia/Seoul ","cc50acbb-9f63-4ad7-8e70-86223fa7f089",,"https://s3-ap-northeast-1.amazonaws.com/test-ok-sky/embedded_web/nu-chat/neos_test.html",131.0,9.0
"2016-10-31 17:12:28","Asia/Seoul ","cc50acbb-9f63-4ad7-8e70-86223fa7f089",,"https://s3-ap-northeast-1.amazonaws.com/test-ok-sky/embedded_web/nu-chat/neos_test.html",131.0,9.0
"2016-10-31 17:24:03","Asia/Seoul ","cc50acbb-9f63-4ad7-8e70-86223fa7f089",,"https://s3-ap-northeast-1.amazonaws.com/test-ok-sky/embedded_web/nu-chat/neos_test.html",131.0,9.0
"2016-10-31 20:38:24","Asia/Seoul ","cc50acbb-9f63-4ad7-8e70-86223fa7f089",,"https://s3-ap-northeast-1.amazonaws.com/test-ok-sky/embedded_web/nu-chat/neos_test.html",131.0,9.0
"2016-11-01 16:37:58","Asia/Seoul ","cc50acbb-9f63-4ad7-8e70-86223fa7f089",,"https://s3-ap-northeast-1.amazonaws.com/test-ok-sky/embedded_web/nu-chat/neos_test.html",131.0,9.0
"2016-11-01 18:18:54","Asia/Seoul ","cc50acbb-9f63-4ad7-8e70-86223fa7f089",,"https://s3-ap-northeast-1.amazonaws.com/test-ok-sky/embedded_web/nu-chat/neos_test.html",131.0,9.0
"2016-11-01 20:53:53","Asia/Seoul ","cc50acbb-9f63-4ad7-8e70-86223fa7f089",,"https://s3-ap-northeast-1.amazonaws.com/test-ok-sky/embedded_web/nu-chat/neos_test.html",131.0,9.0
"2016-11-01 22:08:06","Asia/Seoul ","cc50acbb-9f63-4ad7-8e70-86223fa7f089",,"https://s3-ap-northeast-1.amazonaws.com/test-ok-sky/embedded_web/nu-chat/neos_test.html",131.0,9.0
"2016-11-02 11:27:16","Asia/Tokyo ","cc50acbb-9f63-4ad7-8e70-86223fa7f089",,"https://s3-ap-northeast-1.amazonaws.com/test-ok-sky/embedded_web/nu-chat/neos_test.html",131.0,9.0
"2016-11-02 17:46:27","Asia/Tokyo ","cc50acbb-9f63-4ad7-8e70-86223fa7f089",,"https://s3-ap-northeast-1.amazonaws.com/test-ok-sky/embedded_web/nu-chat/neos_test.html",131.0,9.0
"2016-11-02 18:10:43","Asia/Seoul ","cc50acbb-9f63-4ad7-8e70-86223fa7f089",,"https://s3-ap-northeast-1.amazonaws.com/test-ok-sky/embedded_web/nu-chat/neos_test.html",131.0,9.0
"2016-11-02 18:10:49","Asia/Seoul ","cc50acbb-9f63-4ad7-8e70-86223fa7f089",,"https://s3-ap-northeast-1.amazonaws.com/test-ok-sky/embedded_web/nu-chat/neos_test.html",131.0,9.0
"2016-11-02 23:45:45","Asia/Seoul ","cc50acbb-9f63-4ad7-8e70-86223fa7f089",,"https://s3-ap-northeast-1.amazonaws.com/test-ok-sky/embedded_web/nu-chat/neos_test.html",131.0,9.0
"2016-11-04 11:24:30","Asia/Seoul ","cc50acbb-9f63-4ad7-8e70-86223fa7f089",,"https://s3-ap-northeast-1.amazonaws.com/test-ok-sky/embedded_web/nu-chat/neos_test.html",131.0,9.0
"2016-11-04 13:52:15","Asia/Tokyo ","cc50acbb-9f63-4ad7-8e70-86223fa7f089",,"https://s3-ap-northeast-1.amazonaws.com/test-ok-sky/embedded_web/nu-chat/neos_test.html",131.0,9.0
"2016-11-04 13:52:52","Asia/Tokyo ","cc50acbb-9f63-4ad7-8e70-86223fa7f089",,"https://s3-ap-northeast-1.amazonaws.com/test-ok-sky/embedded_web/nu-chat/neos_test.html",131.0,9.0
"2016-11-04 19:23:07","Asia/Tokyo ","cc50acbb-9f63-4ad7-8e70-86223fa7f089",,"https://s3-ap-northeast-1.amazonaws.com/test-ok-sky/embedded_web/nu-chat/neos_test.html",131.0,9.0
"2016-11-04 19:26:40","Asia/Tokyo ","cc50acbb-9f63-4ad7-8e70-86223fa7f089",,"https://s3-ap-northeast-1.amazonaws.com/test-ok-sky/embedded_web/nu-chat/neos_test.html",131.0,9.0
"2016-11-05 15:12:41","Asia/Seoul ","cc50acbb-9f63-4ad7-8e70-86223fa7f089",,"https://s3-ap-northeast-1.amazonaws.com/test-ok-sky/embedded_web/nu-chat/neos_test.html",131.0,9.0
"2016-11-05 15:53:06","Asia/Seoul ","cc50acbb-9f63-4ad7-8e70-86223fa7f089",,"https://s3-ap-northeast-1.amazonaws.com/test-ok-sky/embedded_web/nu-chat/neos_test.html",131.0,9.0
"2016-11-05 15:57:54","Asia/Seoul ","cc50acbb-9f63-4ad7-8e70-86223fa7f089",,"https://s3-ap-northeast-1.amazonaws.com/test-ok-sky/embedded_web/nu-chat/neos_test.html",131.0,9.0
"2016-11-05 17:53:25","Asia/Seoul ","cc50acbb-9f63-4ad7-8e70-86223fa7f089",,"https://s3-ap-northeast-1.amazonaws.com/test-ok-sky/embedded_web/nu-chat/neos_test.html",131.0,9.0
"2016-11-05 18:15:10","Asia/Seoul ","cc50acbb-9f63-4ad7-8e70-86223fa7f089",,"https://s3-ap-northeast-1.amazonaws.com/test-ok-sky/embedded_web/nu-chat/neos_test.html",131.0,9.0
"2016-11-05 18:18:34","Asia/Seoul ","cc50acbb-9f63-4ad7-8e70-86223fa7f089",,"https://s3-ap-northeast-1.amazonaws.com/test-ok-sky/embedded_web/nu-chat/neos_test.html",131.0,9.0
"2016-11-05 19:12:04","Asia/Seoul ","cc50acbb-9f63-4ad7-8e70-86223fa7f089",,"https://s3-ap-northeast-1.amazonaws.com/test-ok-sky/embedded_web/nu-chat/neos_test.html",131.0,9.0
"2016-11-06 16:55:38","Asia/Seoul ","cc50acbb-9f63-4ad7-8e70-86223fa7f089",,"https://s3-ap-northeast-1.amazonaws.com/test-ok-sky/embedded_web/nu-chat/neos_test.html",131.0,9.0
"2016-11-06 18:04:55","Asia/Seoul ","cc50acbb-9f63-4ad7-8e70-86223fa7f089",,"https://s3-ap-northeast-1.amazonaws.com/test-ok-sky/embedded_web/nu-chat/neos_test.html",131.0,9.0
"2016-11-06 21:35:26","Asia/Tokyo ","cc50acbb-9f63-4ad7-8e70-86223fa7f089",,"https://s3-ap-northeast-1.amazonaws.com/test-ok-sky/embedded_web/nu-chat/neos_test.html",131.0,9.0
"2016-11-07 15:07:09","Asia/Tokyo ","cc50acbb-9f63-4ad7-8e70-86223fa7f089","https://app.asana.com/0/199835162310921/199835162310975","https://s3-ap-northeast-1.amazonaws.com/test-ok-sky/embedded_web/index.html",184.0,8.0
"2016-11-07 15:30:12","Asia/Tokyo ","cc50acbb-9f63-4ad7-8e70-86223fa7f089",,"https://s3-ap-northeast-1.amazonaws.com/test-ok-sky/embedded_web/nu-chat/neos_test.html",131.0,9.0
"2016-11-07 17:56:42","Asia/Seoul ","cc50acbb-9f63-4ad7-8e70-86223fa7f089",,"https://s3-ap-northeast-1.amazonaws.com/test-ok-sky/embedded_web/nu-chat/neos_test.html",131.0,9.0
"2016-11-07 20:38:38","Asia/Seoul ","cc50acbb-9f63-4ad7-8e70-86223fa7f089",,"https://s3-ap-northeast-1.amazonaws.com/test-ok-sky/embedded_web/nu-chat/neos_test.html",131.0,9.0
"2016-11-07 22:05:40","Asia/Seoul ","cc50acbb-9f63-4ad7-8e70-86223fa7f089",,"https://s3-ap-northeast-1.amazonaws.com/test-ok-sky/embedded_web/nu-chat/neos_test.html",131.0,9.0
"2016-11-07 22:17:47","Asia/Seoul ","cc50acbb-9f63-4ad7-8e70-86223fa7f089",,"https://s3-ap-northeast-1.amazonaws.com/test-ok-sky/embedded_web/nu-chat/neos_test.html",131.0,9.0
"2016-11-08 10:42:36","Asia/Seoul ","cc50acbb-9f63-4ad7-8e70-86223fa7f089",,"https://s3-ap-northeast-1.amazonaws.com/test-ok-sky/embedded_web/nu-chat/neos_test.html",131.0,9.0
"2016-11-08 10:43:04","Asia/Tokyo ","cc50acbb-9f63-4ad7-8e70-86223fa7f089",,"https://s3-ap-northeast-1.amazonaws.com/test-ok-sky/embedded_web/nu-chat/neos_test.html",131.0,9.0
"2016-11-08 10:44:31","Asia/Seoul ","cc50acbb-9f63-4ad7-8e70-86223fa7f089",,"https://s3-ap-northeast-1.amazonaws.com/test-ok-sky/embedded_web/nu-chat/neos_test.html",131.0,9.0
"2016-11-08 11:25:23","Asia/Tokyo ","cc50acbb-9f63-4ad7-8e70-86223fa7f089",,"https://s3-ap-northeast-1.amazonaws.com/test-ok-sky/embedded_web/nu-chat/neos_test.html",131.0,9.0
"2016-11-08 11:29:44","Asia/Tokyo ","cc50acbb-9f63-4ad7-8e70-86223fa7f089",,"https://s3-ap-northeast-1.amazonaws.com/test-ok-sky/embedded_web/nu-chat/neos_test.html",131.0,9.0
"2016-11-08 11:29:46","Asia/Tokyo ","cc50acbb-9f63-4ad7-8e70-86223fa7f089",,"https://s3-ap-northeast-1.amazonaws.com/test-ok-sky/embedded_web/nu-chat/neos_test.html",131.0,9.0
"2016-11-08 11:29:47","Asia/Tokyo ","cc50acbb-9f63-4ad7-8e70-86223fa7f089",,"https://s3-ap-northeast-1.amazonaws.com/test-ok-sky/embedded_web/nu-chat/neos_test.html",131.0,9.0
"2016-11-08 11:32:19","Asia/Tokyo ","cc50acbb-9f63-4ad7-8e70-86223fa7f089",,"https://s3-ap-northeast-1.amazonaws.com/test-ok-sky/embedded_web/nu-chat/neos_test.html",131.0,9.0
"2016-11-08 11:34:45","Asia/Seoul ","cc50acbb-9f63-4ad7-8e70-86223fa7f089",,"https://s3-ap-northeast-1.amazonaws.com/test-ok-sky/embedded_web/nu-chat/neos_test.html",131.0,9.0
"2016-11-08 12:30:14","Asia/Tokyo ","cc50acbb-9f63-4ad7-8e70-86223fa7f089",,"https://s3-ap-northeast-1.amazonaws.com/test-ok-sky/embedded_web/nu-chat/neos_test.html",131.0,9.0
"2016-11-08 13:48:51","Asia/Tokyo ","cc50acbb-9f63-4ad7-8e70-86223fa7f089",,"https://s3-ap-northeast-1.amazonaws.com/test-ok-sky/embedded_web/nu-chat/neos_test.html",131.0,9.0
"2016-11-08 14:03:16","Asia/Seoul ","cc50acbb-9f63-4ad7-8e70-86223fa7f089",,"https://s3-ap-northeast-1.amazonaws.com/test-ok-sky/embedded_web/nu-chat/neos_test.html",131.0,9.0
"2016-11-08 14:10:18","Asia/Seoul ","cc50acbb-9f63-4ad7-8e70-86223fa7f089",,"https://s3-ap-northeast-1.amazonaws.com/test-ok-sky/embedded_web/nu-chat/neos_test.html",131.0,9.0
"2016-11-08 15:09:05","Asia/Seoul ","cc50acbb-9f63-4ad7-8e70-86223fa7f089",,"https://s3-ap-northeast-1.amazonaws.com/test-ok-sky/embedded_web/nu-chat/neos_test.html",131.0,9.0
"2016-11-08 17:10:08","Asia/Tokyo ","cc50acbb-9f63-4ad7-8e70-86223fa7f089",,"https://s3-ap-northeast-1.amazonaws.com/test-ok-sky/embedded_web/index.html",184.0,8.0
"2016-11-08 17:47:54","Asia/Seoul ","cc50acbb-9f63-4ad7-8e70-86223fa7f089",,"https://s3-ap-northeast-1.amazonaws.com/test-ok-sky/embedded_web/nu-chat/neos_test.html",131.0,9.0
"2016-11-08 18:35:07","Asia/Tokyo ","cc50acbb-9f63-4ad7-8e70-86223fa7f089",,"https://s3-ap-northeast-1.amazonaws.com/test-ok-sky/embedded_web/nu-chat/neos_test.html",131.0,9.0
"2016-11-08 20:26:07","Asia/Seoul ","cc50acbb-9f63-4ad7-8e70-86223fa7f089",,"https://s3-ap-northeast-1.amazonaws.com/test-ok-sky/embedded_web/nu-chat/neos_test.html",131.0,9.0
"2016-10-03 15:14:34","Asia/Tokyo ","d0a37182-94a2-4861-8c64-4728dbd5df0e",,"https://s3-ap-northeast-1.amazonaws.com/test-ok-sky/embedded_web/index.html",184.0,8.0
"2016-09-01 16:16:40","Asia/Tokyo ","d0ed1c23-9306-4eb9-8144-184f9c9e58f5",,"https://s3-ap-northeast-1.amazonaws.com/test-ok-sky/embedded_web/index.html",184.0,8.0
"2016-09-24 09:34:32","Asia/Tokyo ","d1e87aa1-c429-4a73-9c9c-a4138e304d94",,"https://s3-ap-northeast-1.amazonaws.com/test-ok-sky/embedded_web/index.html",184.0,8.0
"2016-09-24 10:11:43","Asia/Tokyo ","d1e87aa1-c429-4a73-9c9c-a4138e304d94",,"https://s3-ap-northeast-1.amazonaws.com/test-ok-sky/embedded_web/index.html",184.0,8.0
"2016-09-24 15:41:09","Asia/Tokyo ","d1e87aa1-c429-4a73-9c9c-a4138e304d94",,"https://s3-ap-northeast-1.amazonaws.com/test-ok-sky/embedded_web/index.html",184.0,8.0
"2016-10-13 00:42:52","Asia/Tokyo ","d208e537-f45f-4b4b-b5b1-1691829ee902",,"https://s3-ap-northeast-1.amazonaws.com/test-ok-sky/embedded_web/index.html",184.0,8.0
"2016-09-23 10:22:01","Asia/Tokyo ","d68c9402-1eb6-4112-9cf0-23d298e845fc",,"https://s3-ap-northeast-1.amazonaws.com/test-ok-sky/embedded_web/index.html",184.0,8.0
"2016-10-11 17:13:39","Asia/Seoul ","dce02987-19a2-4daf-8f2b-812fe047aa69","https://www.google.co.jp/","http://solairo.co.jp/",3.0,5.0
"2016-09-27 18:22:47","Asia/Tokyo ","dd0c8866-5362-4866-9da0-bed676979c55",,"https://s3-ap-northeast-1.amazonaws.com/test-ok-sky/embedded_web/index.html",184.0,8.0
"2016-10-04 11:23:48","Asia/Seoul ","ddcb85ba-d3f5-45ed-96c4-2ce466e6a2c8",,"http://shop.haunt-tokyo.com/shopping.php?id=Contents_150403_shirt",18.0,4.0
"2016-10-31 16:27:24","Asia/Tokyo ","de02999b-733d-454b-b770-565068479af4",,"http://zozo.jp/",14.0,7.0
"2016-09-27 13:27:33","Asia/Tokyo ","debc9a88-5e3f-42d8-915a-7f82e0bfac25",,"https://s3-ap-northeast-1.amazonaws.com/test-ok-sky/embedded_web/index.html",184.0,8.0
"2016-10-11 20:11:43","Asia/Tokyo ","e19ccc90-4396-41f5-96a9-779d3db1fe83",,"https://s3-ap-northeast-1.amazonaws.com/test-ok-sky/embedded_web/index.html",184.0,8.0
"2016-10-17 02:38:38","Asia/Tokyo ","e19ccc90-4396-41f5-96a9-779d3db1fe83",,"https://s3-ap-northeast-1.amazonaws.com/test-ok-sky/embedded_web/index.html",184.0,8.0
"2016-10-17 18:10:37","Asia/Tokyo ","e19ccc90-4396-41f5-96a9-779d3db1fe83",,"https://s3-ap-northeast-1.amazonaws.com/test-ok-sky/embedded_web/index.html",184.0,8.0
"2016-10-18 21:34:41","Asia/Tokyo ","e19ccc90-4396-41f5-96a9-779d3db1fe83",,"https://s3-ap-northeast-1.amazonaws.com/test-ok-sky/embedded_web/index.html",184.0,8.0
"2016-10-27 08:25:00","Asia/Tokyo ","e19ccc90-4396-41f5-96a9-779d3db1fe83",,"https://s3-ap-northeast-1.amazonaws.com/test-ok-sky/embedded_web/index.html",184.0,8.0
"2016-10-27 18:28:20","Asia/Tokyo ","e19ccc90-4396-41f5-96a9-779d3db1fe83",,"https://s3-ap-northeast-1.amazonaws.com/test-ok-sky/embedded_web/index.html",184.0,8.0
"2016-10-27 21:49:54","Asia/Tokyo ","e19ccc90-4396-41f5-96a9-779d3db1fe83",,"https://s3-ap-northeast-1.amazonaws.com/test-ok-sky/embedded_web/index.html",184.0,8.0
"2016-10-07 11:31:48","Asia/Seoul ","e1fb4f96-1775-4f7e-9e71-62c9ed44c27c",,"https://s3-ap-northeast-1.amazonaws.com/test-ok-sky/embedded_web/index.html",184.0,8.0
"2016-11-08 20:51:18","Asia/Seoul ","e6d937c7-a0aa-4450-ad3c-c2b91a4ee4ca",,"https://s3-ap-northeast-1.amazonaws.com/test-ok-sky/embedded_web/index.html",184.0,8.0
"2016-11-08 21:09:19","Asia/Seoul ","e6d937c7-a0aa-4450-ad3c-c2b91a4ee4ca",,"https://s3-ap-northeast-1.amazonaws.com/test-ok-sky/embedded_web/index.html",184.0,8.0
"2016-10-12 16:26:04","Asia/Tokyo ","e9b9d3eb-01b2-41d1-805a-cc9639113eb2",,"https://s3-ap-northeast-1.amazonaws.com/test-ok-sky/embedded_web/index.html",184.0,8.0
"2016-09-07 14:46:15","Asia/Tokyo ","e9e17b2d-c64c-488e-80f5-4a1725234f40",,"https://s3-ap-northeast-1.amazonaws.com/test-ok-sky/embedded_web/index.html",184.0,8.0
"2016-09-05 12:48:07","Asia/Tokyo ","e9f61437-1a74-4a52-8be2-ae35e1ccb1b2",,"http://isetan.mistore.jp/onlinestore/women/list?categoryId=01_010500u0026rid=cd04b9c17a2b440d9803a169b1dda097",6.0,2.0
"2016-09-30 10:01:16","Asia/Tokyo ","eab9c24b-5774-4aba-893f-0bcdd6e42590",,"https://s3-ap-northeast-1.amazonaws.com/test-ok-sky/embedded_web/index.html",184.0,8.0
"2016-09-30 10:06:20","Asia/Tokyo ","eab9c24b-5774-4aba-893f-0bcdd6e42590",,"https://s3-ap-northeast-1.amazonaws.com/test-ok-sky/embedded_web/index.html",184.0,8.0
"2016-09-30 10:46:35","Asia/Tokyo ","eab9c24b-5774-4aba-893f-0bcdd6e42590",,"https://s3-ap-northeast-1.amazonaws.com/test-ok-sky/embedded_web/index.html",184.0,8.0
"2016-10-04 11:34:22","Asia/Seoul ","f0997779-1360-41a1-883a-485022c2603b",,"http://shop.haunt-tokyo.com/shopping.php?id=Contents_150403_shirt",18.0,4.0
"2016-09-26 23:08:17","Asia/Tokyo ","f12f69ca-b726-4f0e-b35a-defbbe495ad5",,"https://s3-ap-northeast-1.amazonaws.com/test-ok-sky/embedded_web/index.html",184.0,8.0
"2016-10-03 14:58:49","Asia/Tokyo ","f19fdb32-76f8-4861-9b17-0b7f722990f7","https://neos.smartmessage.jp/","https://s3-ap-northeast-1.amazonaws.com/test-ok-sky/embedded_web/index.html",184.0,8.0
"2016-10-11 10:55:55","Asia/Tokyo ","f19fdb32-76f8-4861-9b17-0b7f722990f7",,"https://s3-ap-northeast-1.amazonaws.com/test-ok-sky/embedded_web/index.html",184.0,8.0
"2016-10-13 08:19:23","Asia/Seoul ","f337ab3d-1ca2-439a-8594-ca7956eaef01",,"https://s3-ap-northeast-1.amazonaws.com/test-ok-sky/embedded_web/index.html",184.0,8.0
"2016-10-03 15:04:21","Asia/Tokyo ","f3ba2377-8999-4296-8e32-86ee1d8f1306","https://neos.smartmessage.jp/","https://s3-ap-northeast-1.amazonaws.com/test-ok-sky/embedded_web/index.html",184.0,8.0
"2016-09-05 12:54:36","Asia/Tokyo ","f69dc4de-6778-433b-a841-cd76a985ddf8",,"http://isetan.mistore.jp/onlinestore/women/list?categoryId=01_010500u0026rid=cd04b9c17a2b440d9803a169b1dda097",6.0,2.0
"2016-10-13 22:15:57","Asia/Tokyo ","f95fd1e5-635e-44ff-88b6-e04dab4d5cf6",,"https://s3-ap-northeast-1.amazonaws.com/test-ok-sky/embedded_web/s3-test_index.html",7.0,10.0
"2016-10-13 22:28:37","Asia/Tokyo ","f95fd1e5-635e-44ff-88b6-e04dab4d5cf6",,"https://s3-ap-northeast-1.amazonaws.com/test-ok-sky/embedded_web/s3-test_index.html",7.0,10.0
"2016-08-31 13:40:21","Asia/Tokyo ","fb04e6f5-a306-45b7-89cc-a293d4dc5121",,"https://s3-ap-northeast-1.amazonaws.com/test-ok-sky/embedded_web/index.html",184.0,8.0
"2016-10-31 16:27:59","Asia/Tokyo ","fc8f8794-88a4-4360-b7c5-23116203d372",,"http://zozo.jp/",14.0,7.0
"2016-10-20 23:10:10","Asia/Tokyo ","fcff4b24-e672-40a6-bdc5-88c6dd2a5b7f","https://s3-console-us-standard.console.aws.amazon.com/GetResource/Console.html?region=ap-northeast-1u0026pageLoadStartTime=1476972517804","https://s3-ap-northeast-1.amazonaws.com/test-ok-sky/embedded_web/index.html",184.0,8.0
"2016-11-01 18:26:17","Asia/Tokyo ","ff854f91-470a-4403-91d3-816fabd20f39",,"http://zozo.jp/",14.0,7.0
"2016-10-13 19:43:56","Asia/Tokyo ","ffc08d06-b90e-4b5f-9f74-209bd2378996",,"https://s3-ap-northeast-1.amazonaws.com/test-ok-sky/embedded_web/index.html",184.0,8.0
